,Tract Name,geo,affgeoid,Public Transportation,Average Commute Time,Unemployment Rate,Home Vacancy Rate,Rental Vacancy Rate,Median Home Value,Median Rent,Median Income,Population with Higher Ed Degree,Employment Rate,PubTrans_16,MeanTime_16,UnempRate_16,VacancyPercent_16,RentalVacancyRate_16,MedianValue_16,RentMedian_16,MedianIncome_16,HigherEd,EmpRate_16,Public Transportation Users (%),Rental Vacancy Rate (%),Average Commute Time (minutes),Home Vacancy Rate (%),Median Home Value ($),Median Rent ($),Median Income ($),Population with Higher Ed Degree (%),Employment Rate (%)
1,Pauka'a-Wailea,"Census Tract 201, Hawaii County, Hawaii",15001020100,56,41,38,83,79,4,3,6,48,54,5.9,28.5,4.2,21.3,9.5,265600,968,47554,32,95.8,5.9,9.5,28.5,21.3,265600,968,47554,32,95.8
2,Hilo: Upper Waiakea Forest Reserve,"Census Tract 202.02, Hawaii County, Hawaii",15001020202,3,5,75,71,90,4,7,1,22,12,1.00E-05,15.1,9.1,11.7,17.1,261400,1074,31875,21.2,90.9,0,17.1,15.1,11.7,261400,1074,31875,21.2,90.9
3,Hilo: Pu'u'eo-Downtown,"Census Tract 203, Hawaii County, Hawaii",15001020300,9,5,68,85,83,4,3,2,45,22,1.1,15.8,7,23.3,10.4,277000,814,37969,29.9,93,1.1,10.4,15.8,23.3,277000,814,37969,29.9,93
4,Hilo: Villa Franca-Kaikodo,"Census Tract 204, Hawaii County, Hawaii",15001020400,18,5,75,81,90,3,3,1,27,13,1.8,16.9,9,17.7,19.7,227600,856,28493,23.2,91,1.8,19.7,16.9,17.7,227600,856,28493,23.2,91
5,Hilo: University-Houselots,"Census Tract 205, Hawaii County, Hawaii",15001020500,3,5,80,80,71,4,1,0,33,10,1.00E-05,15.5,10,16.7,6.8,302700,768,22903,25.8,90,0,6.8,15.5,16.7,302700,768,22903,25.8,90
6,Hilo: Keaukaha-Pana'ewa,"Census Tract 206, Hawaii County, Hawaii",15001020600,13,7,80,74,84,3,14,15,24,9,1.5,19.4,10.1,13.5,10.8,223400,1236,57941,22.3,89.9,1.5,10.8,19.4,13.5,223400,1236,57941,22.3,89.9
7,Hilo: Puainako,"Census Tract 207.01, Hawaii County, Hawaii",15001020701,3,5,62,71,24,4,6,7,48,30,1.00E-05,15.1,6.1,12.2,1.00E-05,296800,1068,49368,31.8,93.9,0,0,15.1,12.2,296800,1068,49368,31.8,93.9
8,Hilo: Kawailani,"Census Tract 207.02, Hawaii County, Hawaii",15001020702,9,9,25,26,24,4,28,28,63,68,1.1,20.2,3.2,3.5,1.00E-05,300800,1507,69571,37.7,96.8,1.1,0,20.2,3.5,300800,1507,69571,37.7,96.8
9,Hilo: Kahuku-Kaumana,"Census Tract 208.01, Hawaii County, Hawaii",15001020801,7,11,18,31,73,4,20,33,62,73,0.6,20.9,2.8,4.1,7.3,294000,1339,74112,37.3,97.2,0.6,7.3,20.9,4.1,294000,1339,74112,37.3,97.2
10,Hilo: Piihonua-Kaumana,"Census Tract 208.02, Hawaii County, Hawaii",15001020802,7,6,57,71,24,10,8,21,55,36,0.6,18.4,5.7,12.4,1.00E-05,353300,1135,63750,34.6,94.3,0.6,0,18.4,12.4,353300,1135,63750,34.6,94.3
11,Hilo: Haihai,"Census Tract 209, Hawaii County, Hawaii",15001020900,3,5,12,62,86,11,17,25,59,80,1.00E-05,16.7,2,9.8,11.1,365700,1270,67017,36.6,98,0,11.1,16.7,9.8,365700,1270,67017,36.6,98
12,Orchidland-Ainaloa,"Census Tract 210.03, Hawaii County, Hawaii",15001021003,9,59,86,62,54,1,4,1,11,4,1.1,32.5,14.3,9.7,2.6,171000,1004,32199,15.7,85.7,1.1,2.6,32.5,9.7,171000,1004,32199,15.7,85.7
13,Hawaiian Paradise Park,"Census Tract 210.05, Hawaii County, Hawaii",15001021005,7,56,26,71,63,3,8,6,43,66,0.4,31.8,3.3,11.7,4.6,244400,1123,46489,29.5,96.7,0.4,4.6,31.8,11.7,244400,1123,46489,29.5,96.7
14,Upper Puna (Puna Mauka),"Census Tract 210.10, Hawaii County, Hawaii",15001021010,3,54,80,85,70,1,4,1,19,10,1.00E-05,31,10,23.7,6.5,177500,1003,30378,19.8,90,0,6.5,31,23.7,177500,1003,30378,19.8,90
15,Volcano-Mt. View,"Census Tract 210.11, Hawaii County, Hawaii",15001021011,18,67,20,86,78,2,8,4,50,72,1.8,34,2.9,25.8,9.2,200400,1125,44227,32.7,97.1,1.8,9.2,34,25.8,200400,1125,44227,32.7,97.1
16,Kea'au,"Census Tract 210.13, Hawaii County, Hawaii",15001021013,39,35,74,61,49,4,8,8,19,15,3.9,27.5,8.5,9.6,0.6,283500,1125,51329,19.8,91.5,3.9,0.6,27.5,9.6,283500,1125,51329,19.8,91.5
17,Kalapana-Kapoho,"Census Tract 211.01, Hawaii County, Hawaii",15001021101,3,68,86,87,60,3,3,1,62,4,1.00E-05,34.1,14.4,26.8,3.9,227300,941,27736,37.6,85.6,0,3.9,34.1,26.8,227300,941,27736,37.6,85.6
18,Pahoa,"Census Tract 211.06, Hawaii County, Hawaii",15001021106,31,56,91,85,66,2,7,1,20,2,3.2,32.1,18.9,24.1,5.6,190500,1088,28149,20.3,81.1,3.2,5.6,32.1,24.1,190500,1088,28149,20.3,81.1
19,Ka'u,"Census Tract 212.02, Hawaii County, Hawaii",15001021202,59,86,85,88,79,0,3,3,10,6,6.2,42.7,12.1,31.6,9.5,156700,942,40465,14.9,87.9,6.2,9.5,42.7,31.6,156700,942,40465,14.9,87.9
20,South Kona,"Census Tract 213, Hawaii County, Hawaii",15001021300,8,70,66,82,55,17,19,8,40,24,0.8,34.5,6.5,18.4,2.8,446500,1313,50953,28.4,93.5,0.8,2.8,34.5,18.4,446500,1313,50953,28.4,93.5
21,Konawaena,"Census Tract 214.02, Hawaii County, Hawaii",15001021402,3,30,35,74,72,13,3,18,30,56,1.00E-05,25.9,4,13,7.1,401900,838,60750,24.4,96,0,7.1,25.9,13,401900,838,60750,24.4,96
22,Hualalai,"Census Tract 215.02, Hawaii County, Hawaii",15001021502,3,16,85,81,75,54,8,21,26,5,1.00E-05,22.2,13.1,17.2,8.2,678800,1110,63783,23.1,86.9,0,8.2,22.2,17.2,678800,1110,63783,23.1,86.9
23,Kealakehe,"Census Tract 215.04, Hawaii County, Hawaii",15001021504,7,5,69,71,81,9,8,20,9,21,0.6,17.8,7.2,12.4,9.9,350000,1137,63497,14,92.8,0.6,9.9,17.8,12.4,350000,1137,63497,14,92.8
24,Kalaoa,"Census Tract 215.07, Hawaii County, Hawaii",15001021507,3,13,51,83,88,21,16,27,49,42,1.00E-05,21.4,5.1,19.3,12.1,474300,1240,68333,32.3,94.9,0,12.1,21.4,19.3,474300,1240,68333,32.3,94.9
25,Kaumalumalu-Keahou,"Census Tract 215.09, Hawaii County, Hawaii",15001021509,13,29,53,91,91,19,16,25,65,40,1.5,25.1,5.2,45.2,34.6,471000,1254,66771,38.6,94.8,1.5,34.6,25.1,45.2,471000,1254,66771,38.6,94.8
26,Kailua,"Census Tract 216.01, Hawaii County, Hawaii",15001021601,8,5,69,87,88,16,8,18,43,21,0.8,15.2,7.2,26,13.7,431800,1127,60420,29.2,92.8,0.8,13.7,15.2,26,431800,1127,60420,29.2,92.8
27,Holualoa,"Census Tract 216.04, Hawaii County, Hawaii",15001021604,8,8,72,91,91,17,33,31,55,18,0.7,19.5,7.8,35.9,22.9,457700,1608,72893,34.5,92.2,0.7,22.9,19.5,35.9,457700,1608,72893,34.5,92.2
28,Waimea-Pu'u Anahulu,"Census Tract 217.02, Hawaii County, Hawaii",15001021702,16,56,68,75,24,12,25,25,41,22,1.6,31.8,6.9,13.9,1.00E-05,386900,1466,66842,28.8,93.1,1.6,0,31.8,13.9,386900,1466,66842,28.8,93.1
29,Kawaihae-Waikoloa,"Census Tract 217.04, Hawaii County, Hawaii",15001021704,7,35,59,91,91,13,28,33,63,34,0.3,27.3,5.8,51.3,36.2,405300,1491,74138,38.1,94.2,0.3,36.2,27.3,51.3,405300,1491,74138,38.1,94.2
30,North Kohala,"Census Tract 218, Hawaii County, Hawaii",15001021800,17,57,64,83,69,11,6,25,25,28,1.7,32.3,6.2,22,6.2,365800,1042,67614,22.4,93.8,1.7,6.2,32.3,22,365800,1042,67614,22.4,93.8
31,Honoka'a-Kukuihaele,"Census Tract 219.02, Hawaii County, Hawaii",15001021902,51,79,66,80,57,10,3,17,13,23,5.2,37.7,6.7,16.7,3.4,362100,855,59939,16.6,93.3,5.2,3.4,37.7,16.7,362100,855,59939,16.6,93.3
32,Pa'auhau-Pa'auilo,"Census Tract 220, Hawaii County, Hawaii",15001022000,31,82,59,83,24,4,11,18,22,34,3.2,39.3,5.8,19,1.00E-05,305400,1185,60231,20.9,94.2,3.2,0,39.3,19,305400,1185,60231,20.9,94.2
33,North Hilo,"Census Tract 221.02, Hawaii County, Hawaii",15001022102,65,87,83,89,88,4,3,4,28,8,8.3,45.3,10.9,32.7,14,287500,810,45234,23.5,89.1,8.3,14,45.3,32.7,287500,810,45234,23.5,89.1
34,Hahaione-Mariners Ridge,"Census Tract 1.06, Honolulu County, Hawaii",15003000106,42,68,51,51,64,53,58,65,85,42,4.3,34.2,5.1,7.1,5.1,678300,2154,100991,58.6,94.9,4.3,5.1,34.2,7.1,678300,2154,100991,58.6,94.9
35,Kuapa Isle,"Census Tract 1.07, Honolulu County, Hawaii",15003000107,12,60,8,36,85,68,71,83,83,84,1.4,32.6,1.6,5,10.9,831700,2462,117813,55.1,98.4,1.4,10.9,32.6,5,831700,2462,117813,55.1,98.4
36,Hawaii Kai Marina,"Census Tract 1.08, Honolulu County, Hawaii",15003000108,50,54,38,59,24,72,87,69,82,54,5,31.1,4.2,8.8,1.00E-05,852300,3365,103857,54.9,95.8,5,0,31.1,8.8,852300,3365,103857,54.9,95.8
37,Kalama Valley,"Census Tract 1.10, Honolulu County, Hawaii",15003000110,17,81,46,27,24,67,82,86,80,47,1.7,38.8,4.6,3.7,1.00E-05,830100,2985,123929,53,95.4,1.7,0,38.8,3.7,830100,2985,123929,53,95.4
38,Lunalilo Park Subdivision,"Census Tract 1.11, Honolulu County, Hawaii",15003000111,28,69,5,8,24,66,*,87,76,87,3,34.3,0.6,0.6,1.00E-05,825400,*,124444,49.1,99.4,3,0,34.3,0.6,825400,*,124444,49.1,99.4
39,Koko Marina,"Census Tract 1.12, Honolulu County, Hawaii",15003000112,20,65,33,60,24,57,84,67,77,60,2.2,33.9,3.8,9.3,1.00E-05,709700,3057,101855,49.5,96.2,2.2,0,33.9,9.3,709700,3057,101855,49.5,96.2
40,Portlock,"Census Tract 1.14, Honolulu County, Hawaii",15003000114,9,54,38,85,24,82,87,89,89,54,1,31,4.2,23.2,1.00E-05,1519400,3393,146042,71.7,95.8,1,0,31,23.2,1519400,3393,146042,71.7,95.8
41,Kuliouou,"Census Tract 2, Honolulu County, Hawaii",15003000200,32,45,5,61,24,71,69,78,81,87,3.3,29.1,0.6,9.5,1.00E-05,849600,2404,114481,53.7,99.4,3.3,0,29.1,9.5,849600,2404,114481,53.7,99.4
42,Aina Haina-Hawaii Loa Ridge,"Census Tract 3.01, Honolulu County, Hawaii",15003000301,10,33,17,75,24,80,70,83,83,74,1.3,26.8,2.7,14.1,1.00E-05,1025500,2438,118229,55.9,97.3,1.3,0,26.8,14.1,1025500,2438,118229,55.9,97.3
43,Wailupe,"Census Tract 3.02, Honolulu County, Hawaii",15003000302,47,31,12,39,24,75,39,76,74,80,4.8,26.5,2,5.5,1.00E-05,942700,1667,113875,48.1,98,4.8,0,26.5,5.5,942700,1667,113875,48.1,98
44,Waialae Nui Ridge-Ainakoa,"Census Tract 4.01, Honolulu County, Hawaii",15003000401,16,32,10,33,78,76,72,85,87,82,1.6,26.7,1.8,4.4,9.1,948300,2466,123047,64.2,98.2,1.6,9.1,26.7,4.4,948300,2466,123047,64.2,98.2
45,Waialae Iki,"Census Tract 4.02, Honolulu County, Hawaii",15003000402,7,31,4,66,24,81,*,89,88,87,0.5,26.5,0.5,10.3,1.00E-05,1331800,*,157708,69.2,99.5,0.5,0,26.5,10.3,1331800,*,157708,69.2,99.5
46,Waialae-Kahala,"Census Tract 5, Honolulu County, Hawaii",15003000500,32,35,7,83,90,82,86,85,86,84,3.3,27,1.5,20.5,17.1,1632400,3325,121544,62,98.5,3.3,17.1,27,20.5,1632400,3325,121544,62,98.5
47,Diamond Head,"Census Tract 6, Honolulu County, Hawaii",15003000600,9,50,59,76,24,*,85,89,88,34,1,30.1,5.8,14.2,1.00E-05,*,3094,141563,67.6,94.2,1,0,30.1,14.2,*,3094,141563,67.6,94.2
48,Kaimuki: 22nd Avenue,"Census Tract 7, Honolulu County, Hawaii",15003000700,46,12,33,61,24,73,49,48,66,60,4.6,21.1,3.8,9.6,1.00E-05,863500,1910,88681,39.6,96.2,4.6,0,21.1,9.6,863500,1910,88681,39.6,96.2
49,Kaimuki: Kapiolani Community College,"Census Tract 8, Honolulu County, Hawaii",15003000800,46,18,13,71,70,73,29,51,74,78,4.7,22.5,2.2,12.1,6.4,880400,1530,91838,47.2,97.8,4.7,6.4,22.5,12.1,880400,1530,91838,47.2,97.8
50,Waialae Nui Valley,"Census Tract 9.01, Honolulu County, Hawaii",15003000901,52,23,38,49,66,44,57,29,69,54,5.5,23.1,4.2,6.9,5.7,626800,2098,71875,44.5,95.8,5.5,5.7,23.1,6.9,626800,2098,71875,44.5,95.8
51,Maunalani Heights,"Census Tract 9.02, Honolulu County, Hawaii",15003000902,31,24,31,76,78,75,52,78,84,62,3.2,23.7,3.6,14.4,9.2,946700,1961,114375,56.5,96.4,3.2,9.2,23.7,14.4,946700,1961,114375,56.5,96.4
52,Lower Wilhelmina,"Census Tract 9.03, Honolulu County, Hawaii",15003000903,32,13,9,69,61,72,40,43,77,83,3.3,21.6,1.7,11.4,4,861800,1677,80793,49.5,98.3,3.3,4,21.6,11.4,861800,1677,80793,49.5,98.3
53,Upper Palolo,"Census Tract 10, Honolulu County, Hawaii",15003001000,20,32,32,61,70,49,39,43,53,61,2,26.7,3.7,9.6,6.5,650500,1676,81286,33.6,96.3,2,6.5,26.7,9.6,650500,1676,81286,33.6,96.3
54,Central Palolo,"Census Tract 11, Honolulu County, Hawaii",15003001100,69,52,66,10,24,48,6,15,42,24,9.3,30.5,6.5,1.1,1.00E-05,634900,1025,56591,28.9,93.5,9.3,0,30.5,1.1,634900,1025,56591,28.9,93.5
55,Waialae Avenue-Pukele Avenue,"Census Tract 12.01, Honolulu County, Hawaii",15003001201,66,28,18,81,90,61,23,44,51,73,9,24.8,2.8,18,18.8,752700,1427,83042,33,97.2,9,18.8,24.8,18,752700,1427,83042,33,97.2
56,Lower Palolo,"Census Tract 12.02, Honolulu County, Hawaii",15003001202,16,14,34,74,84,60,24,48,51,58,1.6,22,3.9,13.2,10.8,724800,1440,88510,32.9,96.1,1.6,10.8,22,13.2,724800,1440,88510,32.9,96.1
57,Kaimuki: 6th Avenue,"Census Tract 13, Honolulu County, Hawaii",15003001300,65,13,15,29,24,61,20,25,60,75,8.3,21.5,2.6,3.8,1.00E-05,760200,1362,66786,36.8,97.4,8.3,0,21.5,3.8,760200,1362,66786,36.8,97.4
58,Kapaolono Field,"Census Tract 14, Honolulu County, Hawaii",15003001400,60,23,50,25,24,68,49,55,71,43,6.7,23.2,5,3.2,1.00E-05,834900,1909,93553,45.9,95,6.7,0,23.2,3.2,834900,1909,93553,45.9,95
59,Upper Kapahulu,"Census Tract 15, Honolulu County, Hawaii",15003001500,42,12,31,70,72,66,22,45,55,62,4.3,21.1,3.6,11.5,7,819300,1397,83542,34.5,96.4,4.3,7,21.1,11.5,819300,1397,83542,34.5,96.4
60,Lower Kapahulu,"Census Tract 16, Honolulu County, Hawaii",15003001600,57,11,29,75,24,63,49,20,55,63,6,20.6,3.5,13.8,1.00E-05,777900,1891,63689,34.5,96.5,6,0,20.6,13.8,777900,1891,63689,34.5,96.5
61,Kapiolani Park,"Census Tract 17, Honolulu County, Hawaii",15003001700,62,17,38,91,90,57,48,38,88,54,7,22.3,4.2,37.9,18.9,702200,1864,77169,68,95.8,7,18.9,22.3,37.9,702200,1864,77169,68,95.8
62,Koa Avenue,"Census Tract 18.01, Honolulu County, Hawaii",15003001801,85,23,15,91,91,16,8,3,66,76,16.2,23,2.4,44.6,28.6,429200,1124,40398,39.2,97.6,16.2,28.6,23,44.6,429200,1124,40398,39.2,97.6
63,Tusitala Street,"Census Tract 18.03, Honolulu County, Hawaii",15003001803,86,12,25,87,82,7,8,6,66,68,17.9,21.1,3.2,28,10.2,338800,1136,48059,39.2,96.8,17.9,10.2,21.1,28,338800,1136,48059,39.2,96.8
64,Jefferson School,"Census Tract 18.04, Honolulu County, Hawaii",15003001804,88,8,6,91,88,13,27,20,82,85,20.4,19.6,1.4,37.1,14.1,407800,1477,63281,54.5,98.6,20.4,14.1,19.6,37.1,407800,1477,63281,54.5,98.6
65,Waikiki Beach,"Census Tract 19.01, Honolulu County, Hawaii",15003001901,81,4,85,92,92,26,13,15,29,6,13.3,14.2,12.3,88.7,72,508100,1199,56625,23.8,87.7,13.3,72,14.2,88.7,508100,1199,56625,23.8,87.7
66,Ena Road,"Census Tract 19.03, Honolulu County, Hawaii",15003001903,62,14,59,85,73,28,43,27,71,34,7.2,21.7,5.8,23.3,7.4,533800,1756,68491,45.9,94.2,7.2,7.4,21.7,23.3,533800,1756,68491,45.9,94.2
67,Hobron Lane,"Census Tract 19.04, Honolulu County, Hawaii",15003001904,86,18,32,91,91,12,40,25,80,61,16.5,22.5,3.7,45.6,24.2,381600,1688,66875,52.4,96.3,16.5,24.2,22.5,45.6,381600,1688,66875,52.4,96.3
68,Seaside Avenue,"Census Tract 20.03, Honolulu County, Hawaii",15003002003,77,15,25,91,91,6,22,14,68,68,11.8,22.1,3.2,48.6,29,325000,1422,55843,42.5,96.8,11.8,29,22.1,48.6,325000,1422,55843,42.5,96.8
69,International Market Place,"Census Tract 20.04, Honolulu County, Hawaii",15003002004,73,23,65,87,77,11,21,3,47,26,10.4,23.2,6.3,26.6,8.7,380200,1370,42439,31.3,93.7,10.4,8.7,23.2,26.6,380200,1370,42439,31.3,93.7
70,Ala Wai-Niu Street,"Census Tract 20.05, Honolulu County, Hawaii",15003002005,81,15,62,89,89,16,9,6,67,30,13.5,22.1,6.1,33.3,15.2,433100,1162,48582,40.2,93.9,13.5,15.2,22.1,33.3,433100,1162,48582,40.2,93.9
71,Ala Wai-Olohana Street,"Census Tract 20.06, Honolulu County, Hawaii",15003002006,69,7,28,91,91,7,28,15,73,65,9.2,19.1,3.4,43.6,26.7,337600,1484,56411,46.9,96.6,9.2,26.7,19.1,43.6,337600,1484,56411,46.9,96.6
72,Olokele Avenue,"Census Tract 21, Honolulu County, Hawaii",15003002100,82,30,45,55,57,11,18,8,38,48,14.5,25.5,4.5,7.8,3.5,377100,1286,50458,28.2,95.5,14.5,3.5,25.5,7.8,377100,1286,50458,28.2,95.5
73,Kamoku Street-Iolani School,"Census Tract 22.01, Honolulu County, Hawaii",15003002201,73,10,11,79,89,11,17,6,65,81,10.6,20.5,1.9,15.7,14.5,373500,1279,47457,38.6,98.1,10.6,14.5,20.5,15.7,373500,1279,47457,38.6,98.1
74,Ala Wai Park-Lauiki Street,"Census Tract 22.02, Honolulu County, Hawaii",15003002202,73,26,26,68,73,18,38,25,72,66,10.3,24.1,3.3,11.2,7.4,467500,1660,67750,46.4,96.7,10.3,7.4,24.1,11.2,467500,1660,67750,46.4,96.7
75,Moiliili,"Census Tract 23, Honolulu County, Hawaii",15003002300,83,14,41,72,72,6,14,5,54,52,14.6,21.9,4.3,12.5,7.2,334100,1226,46078,33.8,95.7,14.6,7.2,21.9,12.5,334100,1226,46078,33.8,95.7
76,Lower McCully,"Census Tract 24.01, Honolulu County, Hawaii",15003002401,83,23,54,36,49,13,14,4,39,38,15.1,23,5.5,5,0.8,411200,1236,43472,28.3,94.5,15.1,0.8,23,5,411200,1236,43472,28.3,94.5
77,Upper McCully,"Census Tract 24.02, Honolulu County, Hawaii",15003002402,82,16,51,52,72,10,10,8,47,42,14.2,22.2,5.1,7.6,7,362500,1183,50357,31.3,94.9,14.2,7,22.2,7.6,362500,1183,50357,31.3,94.9
78,Lower Pawaa,"Census Tract 25, Honolulu County, Hawaii",15003002500,80,7,8,49,69,6,9,2,32,84,12.9,18.7,1.6,6.8,6,334600,1163,36526,25.2,98.4,12.9,6,18.7,6.8,334600,1163,36526,25.2,98.4
79,Bingham Tract,"Census Tract 26, Honolulu County, Hawaii",15003002600,84,13,34,74,75,9,9,5,56,58,15.2,21.3,3.9,13.5,8.5,352600,1165,45656,34.9,96.1,15.2,8.5,21.3,13.5,352600,1165,45656,34.9,96.1
80,UH Manoa Campus,"Census Tract 27.01, Honolulu County, Hawaii",15003002701,79,10,72,81,61,69,16,13,73,17,12.7,20.3,8,17.5,4,838800,1246,54659,47.1,92,12.7,4,20.3,17.5,838800,1246,54659,47.1,92
81,Punahou School,"Census Tract 27.02, Honolulu County, Hawaii",15003002702,79,18,72,56,77,27,21,17,69,18,12.6,22.5,7.7,8.3,9,528300,1384,60189,42.9,92.3,12.6,9,22.5,8.3,528300,1384,60189,42.9,92.3
82,St. Louis Heights,"Census Tract 28, Honolulu County, Hawaii",15003002800,59,18,10,45,55,69,63,68,86,82,6.3,22.5,1.8,6.1,2.9,845300,2248,102132,62.4,98.2,6.3,2.9,22.5,6.1,845300,2248,102132,62.4,98.2
83,East Manoa,"Census Tract 29, Honolulu County, Hawaii",15003002900,45,7,9,31,54,79,20,62,89,83,4.5,19.4,1.7,4.1,2.3,973100,1369,97644,72.2,98.3,4.5,2.3,19.4,4.1,973100,1369,97644,72.2,98.3
84,Judd Hillside-Lowrey Avenue,"Census Tract 30, Honolulu County, Hawaii",15003003000,23,9,21,47,69,80,21,84,86,71,2.8,20.1,3,6.3,6.3,1090500,1371,119688,64,97,2.8,6.3,20.1,6.3,1090500,1371,119688,64,97
85,Woodlawn,"Census Tract 31.01, Honolulu County, Hawaii",15003003101,28,22,10,24,24,79,25,71,84,82,3,22.9,1.8,3.1,1.00E-05,961300,1458,108550,58.3,98.2,3,0,22.9,3.1,961300,1458,108550,58.3,98.2
86,Upper Manoa,"Census Tract 31.02, Honolulu County, Hawaii",15003003102,17,13,12,34,24,79,71,72,85,80,1.7,21.5,2,4.6,1.00E-05,989100,2459,110156,60.1,98,1.7,0,21.5,4.6,989100,2459,110156,60.1,98
87,Round Top-Tantalus,"Census Tract 32, Honolulu County, Hawaii",15003003200,3,9,20,67,24,81,*,79,87,72,1.00E-05,20.2,2.9,10.6,1.00E-05,1109400,*,114643,65,97.1,0,0,20.2,10.6,1109400,*,114643,65,97.1
88,Makiki Heights,"Census Tract 33, Honolulu County, Hawaii",15003003300,19,12,41,36,24,79,41,84,77,52,1.9,21.1,4.3,5,1.00E-05,*,1725,118594,49.4,95.7,1.9,0,21.1,5,*,1725,118594,49.4,95.7
89,Thurston Street,"Census Tract 34.03, Honolulu County, Hawaii",15003003403,66,5,61,47,56,9,18,27,67,32,8.8,17.9,6,6.3,3.2,350000,1282,68846,40.3,94,8.8,3.2,17.9,6.3,350000,1282,68846,40.3,94
90,Makiki Fire Station,"Census Tract 34.04, Honolulu County, Hawaii",15003003404,74,8,48,56,57,13,22,21,70,45,10.9,19.7,4.8,8.3,3.3,394400,1393,64070,44.8,95.2,10.9,3.3,19.7,8.3,394400,1393,64070,44.8,95.2
91,Poki Street,"Census Tract 34.05, Honolulu County, Hawaii",15003003405,85,10,34,54,24,10,13,4,77,58,15.6,20.5,3.9,7.7,1.00E-05,355500,1200,45432,49.4,96.1,15.6,0,20.5,7.7,355500,1200,45432,49.4,96.1
92,Lower Makiki,"Census Tract 34.06, Honolulu County, Hawaii",15003003406,85,24,74,63,69,6,16,9,59,13,15.9,23.7,8.8,9.9,6.3,328200,1260,51468,36.4,91.2,15.9,6.3,23.7,9.9,328200,1260,51468,36.4,91.2
93,Maryknoll School,"Census Tract 34.07, Honolulu County, Hawaii",15003003407,52,5,2,78,79,24,83,14,81,88,5.5,17.7,0,15,9.3,496500,3046,55938,53.5,99.99999,5.5,9.3,17.7,15,496500,3046,55938,53.5,99.99999
94,Academy of Arts,"Census Tract 35.01, Honolulu County, Hawaii",15003003501,76,7,23,67,69,4,17,13,73,70,11.5,19.2,3.1,10.5,6.3,303700,1270,54635,46.9,96.9,11.5,6.3,19.2,10.5,303700,1270,54635,46.9,96.9
95,Upper Pawaa,"Census Tract 35.02, Honolulu County, Hawaii",15003003502,88,10,14,47,54,17,8,4,46,77,20.9,20.3,2.3,6.3,2,448700,1112,44782,30.9,97.7,20.9,2,20.3,6.3,448700,1112,44782,30.9,97.7
96,Sheridan Street,"Census Tract 36.01, Honolulu County, Hawaii",15003003601,63,12,6,83,82,48,12,15,62,86,7.6,21.1,1.3,22.1,10.2,634600,1191,56023,37.6,98.7,7.6,10.2,21.1,22.1,634600,1191,56023,37.6,98.7
97,Ahana Street,"Census Tract 36.03, Honolulu County, Hawaii",15003003603,86,7,72,63,24,5,5,1,39,18,18.4,18.7,7.9,10,1.00E-05,316800,1023,26547,28.3,92.1,18.4,0,18.7,10,316800,1023,26547,28.3,92.1
98,Kaheka Street-Makaloa Street,"Census Tract 36.04, Honolulu County, Hawaii",15003003604,85,9,36,83,80,10,16,4,70,56,16,20,4.1,18.5,9.8,353300,1261,45352,45.7,95.9,16,9.8,20,18.5,353300,1261,45352,45.7,95.9
99,Ala Moana,"Census Tract 37, Honolulu County, Hawaii",15003003700,78,14,12,87,75,50,63,41,88,80,12.5,22,2,27.8,8,651000,2228,79435,70.5,98,12.5,8,22,27.8,651000,2228,79435,70.5,98
100,Kakaako,"Census Tract 38, Honolulu County, Hawaii",15003003800,73,11,18,74,63,33,19,21,79,73,10.2,20.9,2.8,13.4,4.6,581000,1323,63889,51.7,97.2,10.2,4.6,20.9,13.4,581000,1323,63889,51.7,97.2
101,Civic Center,"Census Tract 39, Honolulu County, Hawaii",15003003900,88,27,65,14,24,7,0,0,46,26,20.3,24.5,6.3,1.7,1.00E-05,337500,601,25774,31.1,93.7,20.3,0,24.5,1.7,337500,601,25774,31.1,93.7
102,Financial District,"Census Tract 40, Honolulu County, Hawaii",15003004000,77,5,75,88,90,17,24,45,85,12,11.9,17.6,9.2,31.3,22,439300,1457,85729,60.7,90.8,11.9,22,17.6,31.3,439300,1457,85729,60.7,90.8
103,Queen's Hospital,"Census Tract 41, Honolulu County, Hawaii",15003004100,86,20,6,63,77,7,7,9,52,85,16.5,22.6,1.4,9.9,8.7,335600,1080,51493,33.3,98.6,16.5,8.7,22.6,9.9,335600,1080,51493,33.3,98.6
104,Queen Emma Gardens,"Census Tract 42, Honolulu County, Hawaii",15003004200,78,24,15,61,64,13,24,29,80,76,12.5,23.5,2.4,9.6,5.1,399000,1447,71780,53,97.6,12.5,5.1,23.5,9.6,399000,1447,71780,53,97.6
105,Punchbowl,"Census Tract 43, Honolulu County, Hawaii",15003004300,85,24,28,69,75,26,9,19,69,65,15.6,23.7,3.4,11.3,7.9,516400,1167,61408,42.9,96.6,15.6,7.9,23.7,11.3,516400,1167,61408,42.9,96.6
106,Pauoa,"Census Tract 44, Honolulu County, Hawaii",15003004400,66,22,50,44,24,49,22,60,44,43,9,22.7,4.9,6,1.00E-05,649100,1423,96900,29.7,95.1,9,0,22.7,6,649100,1423,96900,29.7,95.1
107,Dowsett Highlands,"Census Tract 45, Honolulu County, Hawaii",15003004500,40,15,18,70,65,67,56,47,81,73,4.1,22.1,2.8,11.6,5.3,828600,2035,88043,53.1,97.2,4.1,5.3,22.1,11.6,828600,2035,88043,53.1,97.2
108,Puunui-Waokanaka Street,"Census Tract 46, Honolulu County, Hawaii",15003004600,7,11,25,47,24,74,52,68,69,68,0.6,20.8,3.2,6.3,1.00E-05,894300,1975,103182,44,96.8,0.6,0,20.8,6.3,894300,1975,103182,44,96.8
109,Alewa-Kawananakoa,"Census Tract 47, Honolulu County, Hawaii",15003004700,60,23,64,69,24,68,42,50,71,28,6.5,23.1,6.2,11.3,1.00E-05,832600,1740,91603,46.3,93.8,6.5,0,23.1,11.3,832600,1740,91603,46.3,93.8
110,Kamehameha Heights,"Census Tract 48, Honolulu County, Hawaii",15003004800,72,25,64,54,24,51,10,30,40,28,10.1,24,6.2,7.7,1.00E-05,672900,1183,72060,28.4,93.8,10.1,0,24,7.7,672900,1183,72060,28.4,93.8
111,Lanakila,"Census Tract 49, Honolulu County, Hawaii",15003004900,85,25,33,70,84,39,14,21,35,60,16.1,23.9,3.8,11.6,10.8,603500,1224,64196,26,96.2,16.1,10.8,23.9,11.6,603500,1224,64196,26,96.2
112,Kuakini,"Census Tract 50, Honolulu County, Hawaii",15003005000,77,14,32,20,24,23,9,19,42,61,12,21.9,3.7,2.4,1.00E-05,478300,1174,61803,29.1,96.3,12,0,21.9,2.4,478300,1174,61803,29.1,96.3
113,Foster Botanical Garden,"Census Tract 51, Honolulu County, Hawaii",15003005100,77,10,10,8,24,24,3,4,65,82,11.9,20.3,1.8,0.5,1.00E-05,499700,888,43269,38.6,98.2,11.9,0,20.3,0.5,499700,888,43269,38.6,98.2
114,Chinatown,"Census Tract 52, Honolulu County, Hawaii",15003005200,93,37,50,4,24,*,3,1,3,43,30.7,27.9,4.9,1.00E-05,1.00E-05,*,818,29274,9.9,95.1,30.7,0,27.9,0,*,818,29274,9.9,95.1
115,Aala,"Census Tract 53, Honolulu County, Hawaii",15003005300,92,44,65,19,49,4,17,1,15,25,28.1,28.8,6.4,2.3,0.5,310600,1277,32768,17.4,93.6,28.1,0.5,28.8,2.3,310600,1277,32768,17.4,93.6
116,Mayor Wright Housing,"Census Tract 54, Honolulu County, Hawaii",15003005400,93,40,89,21,49,*,0,0,1,2,38.5,28.3,18.6,2.5,0.9,*,455,22813,5.4,81.4,38.5,0.9,28.3,2.5,*,455,22813,5.4,81.4
117,Palama,"Census Tract 55, Honolulu County, Hawaii",15003005500,92,38,51,33,56,9,3,2,7,42,28.9,28.1,5.1,4.5,3.2,350000,962,40313,12.3,94.9,28.9,3.2,28.1,4.5,350000,962,40313,12.3,94.9
118,Kapalama,"Census Tract 56, Honolulu County, Hawaii",15003005600,89,24,25,20,51,33,6,10,11,68,24.7,23.7,3.2,2.4,1.3,581500,1033,53189,15.9,96.8,24.7,1.3,23.7,2.4,581500,1033,53189,15.9,96.8
119,Iwilei-Anuenue,"Census Tract 57, Honolulu County, Hawaii",15003005700,92,28,73,58,73,17,2,3,16,17,30,24.8,8.2,8.7,7.3,461600,784,40682,17.9,91.8,30,7.3,24.8,8.7,461600,784,40682,17.9,91.8
120,Waiakamilo Road,"Census Tract 58, Honolulu County, Hawaii",15003005800,91,26,53,9,24,3,5,6,8,40,26,24.2,5.3,1,1.00E-05,249500,1015,46250,13.4,94.7,26,0,24.2,1,249500,1015,46250,13.4,94.7
121,Mokauea Street,"Census Tract 59, Honolulu County, Hawaii",15003005900,90,27,21,51,75,39,8,7,1,71,25,24.6,3,7.2,8,600800,1156,49000,4.8,97,25,8,24.6,7.2,600800,1156,49000,4.8,97
122,Umi Street,"Census Tract 60, Honolulu County, Hawaii",15003006000,93,38,29,26,57,*,19,31,3,63,40.3,28.2,3.5,3.5,3.3,*,1322,73239,10.3,96.5,40.3,3.3,28.2,3.5,*,1322,73239,10.3,96.5
123,Kalihi Waena,"Census Tract 61, Honolulu County, Hawaii",15003006100,88,27,31,43,77,57,23,53,4,62,23.4,24.5,3.6,5.9,9,700300,1424,92813,11,96.4,23.4,9,24.5,5.9,700300,1424,92813,11,96.4
124,Kam IV Road,"Census Tract 62.01, Honolulu County, Hawaii",15003006201,91,41,20,9,52,28,4,15,4,72,26.6,28.4,2.9,1,1.6,531000,989,58897,10.8,97.1,26.6,1.6,28.4,1,531000,989,58897,10.8,97.1
125,Linapuni Street,"Census Tract 62.02, Honolulu County, Hawaii",15003006202,93,45,88,71,73,*,0,0,1,3,33.8,29,15.2,12.3,7.7,*,408,23667,0.60001,84.8,33.8,7.7,29,12.3,*,408,23667,0.60001,84.8
126,Kalihi Valley Park,"Census Tract 63.01, Honolulu County, Hawaii",15003006301,88,53,64,39,72,48,40,49,19,28,22.7,30.6,6.2,5.2,7.2,647500,1680,89356,19.9,93.8,22.7,7.2,30.6,5.2,647500,1680,89356,19.9,93.8
127,Kalena Drive,"Census Tract 63.02, Honolulu County, Hawaii",15003006302,86,38,81,38,57,43,2,4,17,9,17.9,28.2,10.3,5.1,3.5,618300,770,45313,18.7,89.7,17.9,3.5,28.2,5.1,618300,770,45313,18.7,89.7
128,Gulick Avenue-Likelike,"Census Tract 64.01, Honolulu County, Hawaii",15003006401,82,26,2,4,24,50,21,52,5,88,14.5,24.2,0,1.00E-05,1.00E-05,657200,1383,91875,11.4,99.99999,14.5,0,24.2,0,657200,1383,91875,11.4,99.99999
129,Kamanaiki Street,"Census Tract 64.02, Honolulu County, Hawaii",15003006402,84,35,62,34,24,41,28,70,8,30,15.4,27.6,6.1,4.8,1.00E-05,610600,1482,106445,13.6,93.9,15.4,0,27.6,4.8,610600,1482,106445,13.6,93.9
130,Upper Kalihi Valley,"Census Tract 65, Honolulu County, Hawaii",15003006500,86,43,34,33,84,40,33,67,31,58,18.6,28.7,3.9,4.5,10.7,604400,1624,101875,24.6,96.1,18.6,10.7,28.7,4.5,604400,1624,101875,24.6,96.1
131,Kahauiki Street,"Census Tract 66, Honolulu County, Hawaii",15003006600,16,2,92,88,82,*,*,73,79,0,1.6,10.2,38.3,31.3,10.2,*,*,110625,51.9,61.7,1.6,10.2,10.2,31.3,*,*,110625,51.9,61.7
132,Tripler-Moanalua,"Census Tract 67.01, Honolulu County, Hawaii",15003006701,32,15,57,26,24,61,67,57,65,36,3.3,22.1,5.7,3.6,1.00E-05,745800,2340,95801,38.7,94.3,3.3,0,22.1,3.6,745800,2340,95801,38.7,94.3
133,Red Hill,"Census Tract 67.02, Honolulu County, Hawaii",15003006702,43,15,72,31,52,50,46,13,45,18,4.4,22.1,7.9,4,1.5,654600,1819,54375,29.9,92.1,4.4,1.5,22.1,4,654600,1819,54375,29.9,92.1
134,Aliamanu,"Census Tract 68.02, Honolulu County, Hawaii",15003006802,81,36,65,11,24,43,43,62,20,25,14,27.7,6.4,1.4,1.00E-05,619900,1789,97902,20.4,93.6,14,0,27.7,1.4,619900,1789,97902,20.4,93.6
135,Aliamanu Crater,"Census Tract 68.04, Honolulu County, Hawaii",15003006804,3,7,74,14,49,*,81,17,22,14,1.00E-05,18.9,8.7,1.7,0.8,*,2867,59674,21.2,91.3,0,0.8,18.9,1.7,*,2867,59674,21.2,91.3
136,Salt Lake Country Club,"Census Tract 68.05, Honolulu County, Hawaii",15003006805,62,29,17,52,24,19,41,30,73,74,7,25.1,2.7,7.3,1.00E-05,471100,1712,72342,47.1,97.3,7,0,25.1,7.3,471100,1712,72342,47.1,97.3
137,Ala Lilikoi,"Census Tract 68.06, Honolulu County, Hawaii",15003006806,21,28,6,4,24,63,86,46,50,85,2.4,24.9,1.4,1.00E-05,1.00E-05,791700,3167,87381,32.5,98.6,2.4,0,24.9,0,791700,3167,87381,32.5,98.6
138,Ala Ilima Mauka,"Census Tract 68.08, Honolulu County, Hawaii",15003006808,75,27,32,50,24,11,28,26,38,61,11.2,24.5,3.7,7,1.00E-05,379400,1489,67910,28.2,96.3,11.2,0,24.5,7,379400,1489,67910,28.2,96.3
139,Ala Ilima Makai,"Census Tract 68.09, Honolulu County, Hawaii",15003006809,86,32,71,24,55,4,29,25,41,19,18.2,26.7,7.6,2.9,2.9,296400,1529,66875,28.8,92.4,18.2,2.9,26.7,2.9,296400,1529,66875,28.8,92.4
140,Arizona Road,"Census Tract 69, Honolulu County, Hawaii",15003006900,3,6,80,40,56,*,82,20,27,10,1.00E-05,18,10,5.7,3,*,2969,62415,23.2,90,0,3,18,5.7,*,2969,62415,23.2,90
141,Navy Marine Golf Course,"Census Tract 70, Honolulu County, Hawaii",15003007000,8,7,83,36,57,*,78,14,16,8,0.8,18.7,10.9,5,3.4,*,2670,55000,18.5,89.1,0.8,3.4,18.7,5,*,2670,55000,18.5,89.1
142,Nimitz Elementary School,"Census Tract 71, Honolulu County, Hawaii",15003007100,3,4,53,10,50,*,81,38,30,39,1.00E-05,13.4,5.4,1.1,1.1,*,2861,77593,24.3,94.6,0,1.1,13.4,1.1,*,2861,77593,24.3,94.6
143,Hangar Avenue-Vickers Avenue,"Census Tract 73.02, Honolulu County, Hawaii",15003007302,3,3,48,62,56,*,80,31,84,45,1.00E-05,13.1,4.8,9.7,3.2,*,2779,72455,56.2,95.2,0,3.2,13.1,9.7,*,2779,72455,56.2,95.2
144,Hickam Air Force Base,"Census Tract 73.03, Honolulu County, Hawaii",15003007303,13,5,2,92,*,*,*,*,6,88,1.5,14.3,0,100,*,*,*,*,11.70001,99.99999,1.5,*,14.3,100,*,*,*,11.70001,99.99999
145,Ford Island,"Census Tract 74, Honolulu County, Hawaii",15003007400,6,3,53,63,83,*,84,37,50,40,0.2,12.7,5.2,10.1,10.3,*,3054,77109,32.6,94.8,0.2,10.3,12.7,10.1,*,3054,77109,32.6,94.8
146,Halawa Valley,"Census Tract 75.02, Honolulu County, Hawaii",15003007502,3,*,2,4,24,*,*,*,2,88,1.00E-05,*,0,1.00E-05,1.00E-05,*,*,*,7.6,99.99999,0,0,*,0,*,*,*,7.6,99.99999
147,Halawa Heights,"Census Tract 75.03, Honolulu County, Hawaii",15003007503,21,26,59,50,53,55,43,65,52,34,2.4,24.2,5.8,7,1.7,685100,1756,101029,33.3,94.2,2.4,1.7,24.2,7,685100,1756,101029,33.3,94.2
148,Aloha Stadium,"Census Tract 75.04, Honolulu County, Hawaii",15003007504,87,44,61,8,24,32,2,17,8,32,19.5,28.8,6,0.6,1.00E-05,573000,783,59732,13,94,19.5,0,28.8,0.6,573000,783,59732,13,94
149,Foster Village,"Census Tract 75.05, Honolulu County, Hawaii",15003007505,52,34,5,38,84,39,61,66,42,86,5.4,26.9,1.2,5.1,10.7,599500,2174,101394,29.1,98.8,5.4,10.7,26.9,5.1,599500,2174,101394,29.1,98.8
150,Red Hill Military Housing,"Census Tract 75.06, Honolulu County, Hawaii",15003007506,3,9,61,4,24,*,81,46,85,32,1.00E-05,20,6,1.00E-05,1.00E-05,*,2925,87679,58.9,94,0,0,20,0,*,2925,87679,58.9,94
151,Lower Aiea,"Census Tract 77.01, Honolulu County, Hawaii",15003007701,57,29,13,30,24,52,48,60,32,78,6,25.1,2.2,3.9,1.00E-05,675600,1844,97406,25.1,97.8,6,0,25.1,3.9,675600,1844,97406,25.1,97.8
152,Aiea Heights,"Census Tract 77.02, Honolulu County, Hawaii",15003007702,53,37,51,66,24,62,64,77,71,42,5.6,27.8,5.1,10.4,1.00E-05,766100,2273,114219,46.3,94.9,5.6,0,27.8,10.4,766100,2273,114219,46.3,94.9
153,Lower Pearl City,"Census Tract 78.04, Honolulu County, Hawaii",15003007804,57,35,64,17,24,47,66,67,35,28,6,27,6.2,2,1.00E-05,631100,2335,102000,26.4,93.8,6,0,27,2,631100,2335,102000,26.4,93.8
154,Waiau Townhouses,"Census Tract 78.05, Honolulu County, Hawaii",15003007805,61,45,54,25,69,11,44,46,36,38,6.9,29,5.5,3.4,6.1,373000,1806,87583,27.1,94.5,6.9,6.1,29,3.4,373000,1806,87583,27.1,94.5
155,Pearl Ridge High Rise,"Census Tract 78.07, Honolulu County, Hawaii",15003007807,56,28,12,68,71,7,28,20,57,79,5.9,24.7,2.1,10.9,6.8,340400,1495,63036,35.2,97.9,5.9,6.8,24.7,10.9,340400,1495,63036,35.2,97.9
156,Pearlridge Center,"Census Tract 78.08, Honolulu County, Hawaii",15003007808,69,47,34,17,24,10,22,25,14,58,9.2,29.5,3.9,2.1,1.00E-05,360800,1408,66068,17,96.1,9.2,0,29.5,2.1,360800,1408,66068,17,96.1
157,Newtown,"Census Tract 78.09, Honolulu County, Hawaii",15003007809,59,53,25,4,24,54,53,73,74,68,6.1,30.7,3.2,1.00E-05,1.00E-05,684700,2004,111042,48.1,96.8,6.1,0,30.7,0,684700,2004,111042,48.1,96.8
158,Royal Summit,"Census Tract 78.10, Honolulu County, Hawaii",15003007810,48,50,20,14,24,56,76,81,78,72,4.9,30.1,2.9,1.7,1.00E-05,693500,2600,116217,49.6,97.1,4.9,0,30.1,1.7,693500,2600,116217,49.6,97.1
159,Pearl Country Club,"Census Tract 78.11, Honolulu County, Hawaii",15003007811,45,40,23,58,68,22,65,58,58,70,4.5,28.3,3.1,8.7,5.9,477700,2276,95802,36.3,96.9,4.5,5.9,28.3,8.7,477700,2276,95802,36.3,96.9
160,Hale Mohalu Hospital,"Census Tract 80.01, Honolulu County, Hawaii",15003008001,87,49,75,35,24,32,3,5,12,13,19.2,29.9,8.9,4.9,1.00E-05,575400,921,46143,16.1,91.1,19.2,0,29.9,4.9,575400,921,46143,16.1,91.1
161,Lower Waiau,"Census Tract 80.02, Honolulu County, Hawaii",15003008002,22,37,10,45,24,35,44,46,27,82,2.6,27.8,1.8,6.1,1.00E-05,587500,1808,85833,23.4,98.2,2.6,0,27.8,6.1,587500,1808,85833,23.4,98.2
162,Manana,"Census Tract 80.03, Honolulu County, Hawaii",15003008003,77,53,74,38,62,4,18,20,21,15,11.6,30.6,8.5,5.1,4.3,306700,1297,62083,20.8,91.5,11.6,4.3,30.6,5.1,306700,1297,62083,20.8,91.5
163,Pacific Palisades,"Census Tract 80.05, Honolulu County, Hawaii",15003008005,55,73,43,18,24,37,55,64,39,50,5.8,35.6,4.4,2.2,1.00E-05,596500,2011,98864,28.3,95.6,5.8,0,35.6,2.2,596500,2011,98864,28.3,95.6
164,Pearl City,"Census Tract 80.06, Honolulu County, Hawaii",15003008006,51,68,59,22,24,44,42,59,38,34,5.2,34.2,5.8,2.6,1.00E-05,626600,1750,96875,28.1,94.2,5.2,0,34.2,2.6,626600,1750,96875,28.1,94.2
165,Pearl City Highlands,"Census Tract 80.07, Honolulu County, Hawaii",15003008007,69,54,48,8,24,48,63,76,27,45,9.2,31.1,4.8,0.6,1.00E-05,637500,2218,113971,23.2,95.2,9.2,0,31.1,0.6,637500,2218,113971,23.2,95.2
166,Iroquois Point,"Census Tract 83.01, Honolulu County, Hawaii",15003008301,31,87,80,58,62,*,67,43,23,11,3.2,43.5,9.5,8.7,4.3,*,2340,82689,21.3,90.5,3.2,4.3,43.5,8.7,*,2340,82689,21.3,90.5
167,Campbell High School,"Census Tract 83.02, Honolulu County, Hawaii",15003008302,87,87,51,55,24,14,46,49,5,42,19.2,43.2,5.1,7.8,1.00E-05,413600,1829,89375,11.5,94.9,19.2,0,43.2,7.8,413600,1829,89375,11.5,94.9
168,Ewa Beach,"Census Tract 84.02, Honolulu County, Hawaii",15003008402,82,91,61,60,61,24,28,45,10,32,14.5,48.3,6,9.1,4.1,499300,1520,83650,14.7,94,14.5,4.1,48.3,9.1,499300,1520,83650,14.7,94
169,Holomua School,"Census Tract 84.05, Honolulu County, Hawaii",15003008405,74,86,14,66,80,21,68,71,26,77,11,42.1,2.3,10.3,9.8,476800,2393,108403,23.1,97.7,11,9.8,42.1,10.3,476800,2393,108403,23.1,97.7
170,Hawaii Prince Golf Course,"Census Tract 84.06, Honolulu County, Hawaii",15003008406,37,79,38,16,24,33,85,74,61,54,3.6,37.8,4.2,1.8,1.00E-05,576900,3076,112264,37,95.8,3.6,0,37.8,1.8,576900,3076,112264,37,95.8
171,Ocean Pointe,"Census Tract 84.07, Honolulu County, Hawaii",15003008407,40,92,53,30,24,32,80,71,50,40,4,53.3,5.2,3.9,1.00E-05,575100,2803,106563,32.8,94.8,4,0,53.3,3.9,575100,2803,106563,32.8,94.8
172,Hoakalei Country Club,"Census Tract 84.08, Honolulu County, Hawaii",15003008408,46,80,45,49,24,35,78,83,66,48,4.7,38.5,4.5,6.8,1.00E-05,586400,2687,118015,40.1,95.5,4.7,0,38.5,6.8,586400,2687,118015,40.1,95.5
173,Coral Creek Golf Course,"Census Tract 84.10, Honolulu County, Hawaii",15003008410,42,79,11,26,88,33,81,74,48,81,4.3,38.1,1.9,3.5,12.7,578700,2877,112847,31.9,98.1,4.3,12.7,38.1,3.5,578700,2877,112847,31.9,98.1
174,Geiger Road,"Census Tract 84.11, Honolulu County, Hawaii",15003008411,64,85,25,52,79,15,34,42,28,68,7.8,41.1,3.2,7.6,9.3,420800,1650,80673,23.5,96.8,7.8,9.3,41.1,7.6,420800,1650,80673,23.5,96.8
175,Ewa Gentry,"Census Tract 84.12, Honolulu County, Hawaii",15003008412,40,80,54,43,83,4,39,36,41,38,4,38.2,5.5,5.9,10.5,299500,1663,76627,28.7,94.5,4,10.5,38.2,5.9,299500,1663,76627,28.7,94.5
176,Kalaeloa,"Census Tract 85.02, Honolulu County, Hawaii",15003008502,80,76,83,72,80,*,74,26,3,7,12.9,36.6,11,12.5,9.7,*,2540,68281,9.9,89,12.9,9.7,36.6,12.5,*,2540,68281,9.9,89
177,Kapolei Golf Course,"Census Tract 86.06, Honolulu County, Hawaii",15003008606,64,84,64,14,24,26,30,50,45,28,7.8,40.4,6.2,1.7,1.00E-05,507200,1551,91161,30.6,93.8,7.8,0,40.4,1.7,507200,1551,91161,30.6,93.8
178,Ko Olina-Honokai Hale,"Census Tract 86.09, Honolulu County, Hawaii",15003008609,36,78,28,84,88,21,66,59,42,65,3.5,36.8,3.4,22.6,12.9,474300,2326,96391,29,96.6,3.5,12.9,36.8,22.6,474300,2326,96391,29,96.6
179,Ko Olina Resort,"Census Tract 86.10, Honolulu County, Hawaii",15003008610,9,79,71,92,91,55,85,72,80,19,1.1,38.1,7.5,52.6,36.9,686600,3084,108750,52.5,92.5,1.1,36.9,38.1,52.6,686600,3084,108750,52.5,92.5
180,Kahe,"Census Tract 86.11, Honolulu County, Hawaii",15003008611,76,59,88,89,24,*,79,41,89,3,11.5,32.5,16,32.4,1.00E-05,*,2750,79688,81,84,11.5,0,32.5,32.4,*,2750,79688,81,84
181,Upper Makakilo,"Census Tract 86.12, Honolulu County, Hawaii",15003008612,18,85,77,54,77,30,47,56,57,12,1.8,41.4,9.3,7.7,8.7,569800,1841,93810,35.3,90.7,1.8,8.7,41.4,7.7,569800,1841,93810,35.3,90.7
182,Makakilo: Wainohia Street,"Census Tract 86.13, Honolulu County, Hawaii",15003008613,47,72,54,34,90,17,68,71,21,38,4.8,35.2,5.5,4.6,21.2,451600,2380,106544,20.8,94.5,4.8,21.2,35.2,4.6,451600,2380,106544,20.8,94.5
183,Kunia West,"Census Tract 86.14, Honolulu County, Hawaii",15003008614,57,64,31,44,24,31,45,61,54,62,6,33.5,3.6,6,1.00E-05,572900,1816,97534,33.9,96.4,6,0,33.5,6,572900,1816,97534,33.9,96.4
184,Ewa Villages,"Census Tract 86.17, Honolulu County, Hawaii",15003008617,70,79,43,27,24,24,4,48,15,50,9.7,37.6,4.4,3.7,1.00E-05,489400,979,89202,17.7,95.6,9.7,0,37.6,3.7,489400,979,89202,17.7,95.6
185,Lower Makakilo,"Census Tract 86.22, Honolulu County, Hawaii",15003008622,65,75,73,36,24,32,62,72,15,16,7.9,36,8.4,5,1.00E-05,574700,2199,108750,17.8,91.6,7.9,0,36,5,574700,2199,108750,17.8,91.6
186,Leeward Community College,"Census Tract 87.01, Honolulu County, Hawaii",15003008701,89,69,36,46,79,37,17,57,12,56,24.1,34.3,4.1,6.2,9.5,592600,1278,95750,16.1,95.9,24.1,9.5,34.3,6.2,592600,1278,95750,16.1,95.9
187,St. Joseph School,"Census Tract 87.02, Honolulu County, Hawaii",15003008702,92,76,54,4,24,13,10,8,14,38,27.5,36.4,5.5,1.00E-05,1.00E-05,407800,1176,50308,16.9,94.5,27.5,0,36.4,0,407800,1176,50308,16.9,94.5
188,West Loch,"Census Tract 87.03, Honolulu County, Hawaii",15003008703,90,72,84,40,71,23,13,16,13,6,25,35.2,11.7,5.7,6.6,484500,1198,59046,16.8,88.3,25,6.6,35.2,5.7,484500,1198,59046,16.8,88.3
189,Managers Drive,"Census Tract 88, Honolulu County, Hawaii",15003008800,76,59,38,32,64,41,2,82,16,54,11.5,32.5,4.2,4.2,5,608200,805,116958,18.5,95.8,11.5,5,32.5,4.2,608200,805,116958,18.5,95.8
190,Mililani Golf Course,"Census Tract 89.06, Honolulu County, Hawaii",15003008906,60,56,28,40,74,27,54,53,58,65,6.4,31.8,3.4,5.7,7.8,526800,2009,92356,36.3,96.6,6.4,7.8,31.8,5.7,526800,2009,92356,36.3,96.6
191,Mililani High School,"Census Tract 89.07, Honolulu County, Hawaii",15003008907,59,51,62,32,24,28,13,29,38,30,6.3,30.4,6.1,4.3,1.00E-05,562300,1213,71397,28.2,93.9,6.3,0,30.4,4.3,562300,1213,71397,28.2,93.9
192,Mililani Marketplace,"Census Tract 89.08, Honolulu County, Hawaii",15003008908,34,61,14,23,24,38,68,66,61,77,3.4,32.9,2.3,2.7,1.00E-05,599400,2359,101346,37.2,97.7,3.4,0,32.9,2.7,599400,2359,101346,37.2,97.7
193,Mililani District Park,"Census Tract 89.09, Honolulu County, Hawaii",15003008909,34,54,15,4,24,26,44,44,46,75,3.4,31,2.6,1.00E-05,1.00E-05,515400,1812,83047,31,97.4,3.4,0,31,0,515400,1812,83047,31,97.4
194,August Ahrens School,"Census Tract 89.12, Honolulu County, Hawaii",15003008912,84,56,48,29,24,42,34,85,18,45,15.3,32.2,4.8,3.8,1.00E-05,612800,1650,121774,19.4,95.2,15.3,0,32.2,3.8,612800,1650,121774,19.4,95.2
195,Robinson Heights,"Census Tract 89.13, Honolulu County, Hawaii",15003008913,46,74,35,16,24,33,12,72,21,56,4.6,35.7,4,1.8,1.00E-05,580000,1193,109875,20.7,96,4.6,0,35.7,1.8,580000,1193,109875,20.7,96
196,Honowai School,"Census Tract 89.14, Honolulu County, Hawaii",15003008914,91,83,34,50,24,1,45,26,5,58,25.3,39.9,3.9,7,1.00E-05,182600,1815,67952,11.2,96.1,25.3,0,39.9,7,182600,1815,67952,11.2,96.1
197,Waipio Acres,"Census Tract 89.15, Honolulu County, Hawaii",15003008915,65,47,74,52,81,8,29,21,31,14,8.5,29.7,8.7,7.6,10.1,341700,1525,65160,24.6,91.3,8.5,10.1,29.7,7.6,341700,1525,65160,24.6,91.3
198,Mililani Town Center,"Census Tract 89.17, Honolulu County, Hawaii",15003008917,22,64,15,25,24,43,49,82,63,76,2.6,33.4,2.4,3.2,1.00E-05,617200,1899,117417,37.9,97.6,2.6,0,33.4,3.2,617200,1899,117417,37.9,97.6
199,Mililani: Nob Hill,"Census Tract 89.18, Honolulu County, Hawaii",15003008918,37,63,73,9,24,29,47,49,60,16,3.6,33.2,8.4,1,1.00E-05,563800,1833,90600,36.7,91.6,3.6,0,33.2,1,563800,1833,90600,36.7,91.6
200,Waipio Gentry,"Census Tract 89.20, Honolulu County, Hawaii",15003008920,21,48,54,14,63,15,41,32,46,38,2.4,29.8,5.5,1.7,4.5,423600,1712,74028,30.9,94.5,2.4,4.5,29.8,1.7,423600,1712,74028,30.9,94.5
201,Waipio,"Census Tract 89.21, Honolulu County, Hawaii",15003008921,60,42,17,4,24,29,49,41,7,74,6.7,28.6,2.7,1.00E-05,1.00E-05,564900,1887,79622,12.7,97.3,6.7,0,28.6,0,564900,1887,79622,12.7,97.3
202,Waikele,"Census Tract 89.22, Honolulu County, Hawaii",15003008922,53,57,45,31,76,16,56,55,75,48,5.6,32.4,4.5,4,8.6,434100,2037,93652,48.2,95.5,5.6,8.6,32.4,4,434100,2037,93652,48.2,95.5
203,Seaview,"Census Tract 89.23, Honolulu County, Hawaii",15003008923,46,56,15,31,60,24,29,37,58,75,4.6,31.7,2.6,4,3.9,499500,1535,76987,35.8,97.4,4.6,3.9,31.7,4,499500,1535,76987,35.8,97.4
204,Royal Kunia,"Census Tract 89.24, Honolulu County, Hawaii",15003008924,62,67,23,20,89,40,73,80,34,70,7,34,3.1,2.4,14.2,607800,2524,116010,25.8,96.9,7,14.2,34,2.4,607800,2524,116010,25.8,96.9
205,Village Park,"Census Tract 89.25, Honolulu County, Hawaii",15003008925,66,74,66,42,55,23,63,52,31,24,8.8,35.9,6.6,5.8,2.7,479900,2218,91961,24.4,93.4,8.8,2.7,35.9,5.8,479900,2218,91961,24.4,93.4
206,Laulani Valley-Mililani Technology Park,"Census Tract 89.26, Honolulu County, Hawaii",15003008926,25,31,57,47,60,10,51,35,61,36,2.9,26.4,5.7,6.3,3.7,358800,1956,76103,37.1,94.3,2.9,3.7,26.4,6.3,358800,1956,76103,37.1,94.3
207,Koolani Drive,"Census Tract 89.27, Honolulu County, Hawaii",15003008927,18,61,12,22,56,47,62,74,78,79,1.8,33,2.1,2.6,3,634300,2184,111081,50.9,97.9,1.8,3,33,2.6,634300,2184,111081,50.9,97.9
208,Mililani Mauka Middle School,"Census Tract 89.28, Honolulu County, Hawaii",15003008928,59,59,46,4,24,52,87,85,72,47,6.3,32.5,4.6,1.00E-05,1.00E-05,674900,3336,122157,46.7,95.4,6.3,0,32.5,0,674900,3336,122157,46.7,95.4
209,Mililani Mauka-Meheula Parkway,"Census Tract 89.29, Honolulu County, Hawaii",15003008929,50,59,2,51,24,12,44,28,68,88,5,32.5,0,7.1,1.00E-05,385500,1797,69821,41.8,99.99999,5,0,32.5,7.1,385500,1797,69821,41.8,99.99999
210,Mililani: Ainamakua Drive,"Census Tract 89.30, Honolulu County, Hawaii",15003008930,12,60,18,27,24,55,86,87,82,73,1.4,32.6,2.8,3.7,1.00E-05,691900,3259,134091,54.8,97.2,1.4,0,32.6,3.7,691900,3259,134091,54.8,97.2
211,Waiawa,"Census Tract 89.31, Honolulu County, Hawaii",15003008931,25,77,2,4,24,65,*,90,70,88,2.9,36.7,0,1.00E-05,1.00E-05,803700,*,161250,45.7,99.99999,2.9,0,36.7,0,803700,*,161250,45.7,99.99999
212,Wheeler-East Range,"Census Tract 90, Honolulu County, Hawaii",15003009000,17,6,69,54,53,*,70,19,40,21,1.7,18.2,7.1,7.7,1.9,*,2432,61357,28.5,92.9,1.7,1.9,18.2,7.7,*,2432,61357,28.5,92.9
213,Kaukonahua Road,"Census Tract 91, Honolulu County, Hawaii",15003009100,71,43,70,14,58,20,26,22,20,20,9.8,28.7,7.4,1.7,3.6,471700,1467,65673,20.6,92.6,9.8,3.6,28.7,1.7,471700,1467,65673,20.6,92.6
214,Wahiawa Mauka,"Census Tract 92, Honolulu County, Hawaii",15003009200,72,55,68,29,24,25,33,32,25,22,10,31.2,7,3.8,1.00E-05,506500,1583,73793,23,93,10,0,31.2,3.8,506500,1583,73793,23,93
215,Wahiawa Waena,"Census Tract 93, Honolulu County, Hawaii",15003009300,73,63,54,24,62,25,4,3,17,38,10.6,33.2,5.5,2.9,4.2,500600,976,40636,19.2,94.5,10.6,4.2,33.2,2.9,500600,976,40636,19.2,94.5
216,Wahiawa Makai,"Census Tract 94, Honolulu County, Hawaii",15003009400,69,43,59,68,24,27,17,4,4,34,9.6,28.7,5.8,11.2,1.00E-05,519300,1274,45635,10.8,94.2,9.6,0,28.7,11.2,519300,1274,45635,10.8,94.2
217,Kolekole Avenue,"Census Tract 95.01, Honolulu County, Hawaii",15003009501,3,3,89,34,24,*,76,8,6,3,1.00E-05,12.5,17.5,4.8,1.00E-05,*,2604,50607,12,82.5,0,0,12.5,4.8,*,2604,50607,12,82.5
218,Menoher Street,"Census Tract 95.02, Honolulu County, Hawaii",15003009502,3,4,92,56,24,*,78,18,22,1,1.00E-05,13.8,21.7,8.3,1.00E-05,*,2681,60288,20.9,78.3,0,0,13.8,8.3,*,2681,60288,20.9,78.3
219,Foote Avenue,"Census Tract 95.03, Honolulu County, Hawaii",15003009503,3,1,85,4,24,*,80,35,18,6,1.00E-05,8.4,12.3,1.00E-05,1.00E-05,*,2850,75556,19.3,87.7,0,0,8.4,0,*,2850,75556,19.3,87.7
220,Leilehua Avenue,"Census Tract 95.04, Honolulu County, Hawaii",15003009504,3,5,92,62,24,*,63,42,52,1,1.00E-05,15.5,19.9,9.7,1.00E-05,*,2255,80250,33.1,80.1,0,0,15.5,9.7,*,2255,80250,33.1,80.1
221,Schofield: McCarthy Field,"Census Tract 95.07, Honolulu County, Hawaii",15003009507,3,1,84,71,24,*,62,6,4,7,1.00E-05,9,11.5,11.9,1.00E-05,*,2182,47614,11,88.5,0,0,9,11.9,*,2182,47614,11,88.5
222,Maili,"Census Tract 96.03, Honolulu County, Hawaii",15003009603,83,86,85,68,62,12,24,18,10,5,15,42.9,13.3,11.1,4.2,388400,1457,60486,14.7,86.7,15,4.2,42.9,11.1,388400,1457,60486,14.7,86.7
223,Lualualei Transmitter,"Census Tract 96.08, Honolulu County, Hawaii",15003009608,50,83,87,64,24,5,36,24,3,4,5,39.5,15,10.2,1.00E-05,317300,1655,65875,10.3,85,5,0,39.5,10.2,317300,1655,65875,10.3,85
224,Waianae Kai,"Census Tract 97.01, Honolulu County, Hawaii",15003009701,90,88,91,82,81,2,5,2,1,2,25,45.8,18.9,18.3,9.9,217300,1024,36290,5.4,81.1,25,9.9,45.8,18.3,217300,1024,36290,5.4,81.1
225,Lualualei-Camp Waianae,"Census Tract 97.03, Honolulu County, Hawaii",15003009703,80,89,82,29,24,8,15,40,7,8,12.9,47.3,10.7,3.8,1.00E-05,345000,1237,79063,12.3,89.3,12.9,0,47.3,3.8,345000,1237,79063,12.3,89.3
226,Lualualei: Halona Road,"Census Tract 97.04, Honolulu County, Hawaii",15003009704,68,86,81,48,24,14,7,47,7,9,9.1,43,10.3,6.7,1.00E-05,415200,1088,87708,12.5,89.7,9.1,0,43,6.7,415200,1088,87708,12.5,89.7
227,Makua Valley,"Census Tract 98.01, Honolulu County, Hawaii",15003009801,75,90,90,90,87,1,11,10,37,2,11.2,47.5,18.8,35.6,11.6,169800,1187,52321,27.7,81.2,11.2,11.6,47.5,35.6,169800,1187,52321,27.7,81.2
228,Makaha,"Census Tract 98.02, Honolulu County, Hawaii",15003009802,82,92,89,83,54,12,23,18,6,3,14.4,49.6,16.4,19.4,2.2,387300,1427,60817,11.9,83.6,14.4,2.2,49.6,19.4,387300,1427,60817,11.9,83.6
229,Haleiwa,"Census Tract 99.02, Honolulu County, Hawaii",15003009902,47,56,69,76,24,34,20,16,17,21,4.8,32.1,7.2,14.5,1.00E-05,586300,1368,59556,19,92.8,4.8,0,32.1,14.5,586300,1368,59556,19,92.8
230,Kaena Point,"Census Tract 99.04, Honolulu County, Hawaii",15003009904,36,71,48,73,48,45,37,34,53,45,3.5,34.6,4.8,12.7,0.4,628100,1657,74489,33.7,95.2,3.5,0.4,34.6,12.7,628100,1657,74489,33.7,95.2
231,Kawailoa,"Census Tract 100, Honolulu County, Hawaii",15003010000,13,20,77,78,24,77,60,12,33,12,1.5,22.6,9.3,15,1.00E-05,961200,2166,53750,25.5,90.7,1.5,0,22.6,15,961200,2166,53750,25.5,90.7
232,Waimea-Kahuku,"Census Tract 101, Honolulu County, Hawaii",15003010100,29,67,26,86,50,70,50,54,61,66,3.1,34,3.3,25.8,1.1,849000,1953,93293,37,96.7,3.1,1.1,34,25.8,849000,1953,93293,37,96.7
233,Hauula-Kaaawa,"Census Tract 102.01, Honolulu County, Hawaii",15003010201,43,81,67,84,86,36,31,28,47,23,4.4,38.8,6.8,22.6,11,590600,1563,69148,31.1,93.2,4.4,11,38.8,22.6,590600,1563,69148,31.1,93.2
234,Laie,"Census Tract 102.02, Honolulu County, Hawaii",15003010202,25,17,38,80,24,46,32,52,73,54,2.9,22.4,4.2,16.7,1.00E-05,629900,1575,92305,46.9,95.8,2.9,0,22.4,16.7,629900,1575,92305,46.9,95.8
235,Kahaluu-Waikane,"Census Tract 103.03, Honolulu County, Hawaii",15003010303,10,62,56,42,24,59,35,38,35,37,1.3,33.1,5.6,5.8,1.00E-05,724000,1654,78553,26.4,94.4,1.3,0,33.1,5.8,724000,1654,78553,26.4,94.4
236,Ahuimanu,"Census Tract 103.05, Honolulu County, Hawaii",15003010305,37,70,60,64,74,58,19,51,56,33,3.6,34.5,5.9,10.2,7.8,720000,1336,91838,34.6,94.1,3.6,7.8,34.5,10.2,720000,1336,91838,34.6,94.1
237,Haiku,"Census Tract 103.06, Honolulu County, Hawaii",15003010306,39,59,38,4,24,42,53,75,79,54,3.9,32.5,4.2,1.00E-05,1.00E-05,616000,1992,113438,51.1,95.8,3.9,0,32.5,0,616000,1992,113438,51.1,95.8
238,Kapunahala,"Census Tract 103.08, Honolulu County, Hawaii",15003010308,68,48,7,4,24,52,83,63,59,84,9.1,29.8,1.5,1.00E-05,1.00E-05,674100,3048,98295,36.4,98.5,9.1,0,29.8,0,674100,3048,98295,36.4,98.5
239,Kaneohe District Park,"Census Tract 105.03, Honolulu County, Hawaii",15003010503,50,30,61,56,24,50,12,45,30,32,5,25.7,6,8.3,1.00E-05,658700,1191,85500,24.3,94,5,0,25.7,8.3,658700,1191,85500,24.3,94
240,Waikalua Road,"Census Tract 105.04, Honolulu County, Hawaii",15003010504,31,35,15,51,82,48,25,44,30,75,3.2,27,2.6,7.2,10.2,646100,1465,83462,24.4,97.4,3.2,10.2,27,7.2,646100,1465,83462,24.4,97.4
241,Heeia Kea,"Census Tract 105.05, Honolulu County, Hawaii",15003010505,41,38,5,22,24,58,55,69,65,86,4.2,28.2,1.2,2.6,1.00E-05,719400,2019,104394,38.7,98.8,4.2,0,28.2,2.6,719400,2019,104394,38.7,98.8
242,Kahuhipa Street,"Census Tract 105.07, Honolulu County, Hawaii",15003010507,55,31,43,11,24,28,30,35,36,50,5.8,26.4,4.4,1.5,1.00E-05,534200,1561,74503,27.1,95.6,5.8,0,26.4,1.5,534200,1561,74503,27.1,95.6
243,Lilipuna Road,"Census Tract 105.08, Honolulu County, Hawaii",15003010508,7,47,66,52,24,41,78,70,83,23,0.6,29.5,6.7,7.5,1.00E-05,609400,2665,106289,56.1,93.3,0.6,0,29.5,7.5,609400,2665,106289,56.1,93.3
244,Puohala,"Census Tract 106.01, Honolulu County, Hawaii",15003010601,21,30,65,25,24,53,7,39,37,26,2.4,25.4,6.3,3.2,1.00E-05,677800,1073,78889,27.8,93.7,2.4,0,25.4,3.2,677800,1073,78889,27.8,93.7
245,Castle High School-Halekou Road,"Census Tract 106.02, Honolulu County, Hawaii",15003010602,39,52,46,39,54,55,42,69,57,47,3.9,30.5,4.6,5.2,2.6,688100,1752,104215,35.3,95.4,3.9,2.6,30.5,5.2,688100,1752,104215,35.3,95.4
246,Kokokahi,"Census Tract 107.01, Honolulu County, Hawaii",15003010701,63,54,43,33,71,62,77,70,79,50,7.7,31,4.4,4.4,6.8,765200,2618,105417,52.3,95.6,7.7,6.8,31,4.4,765200,2618,105417,52.3,95.6
247,Mokulele Drive,"Census Tract 107.02, Honolulu County, Hawaii",15003010702,65,57,29,4,24,54,85,42,58,63,8.1,32.4,3.5,1.00E-05,1.00E-05,684500,3090,80662,35.5,96.5,8.1,0,32.4,0,684500,3090,80662,35.5,96.5
248,Mokapu West,"Census Tract 108.01, Honolulu County, Hawaii",15003010801,3,1,34,39,52,*,77,7,34,58,1.00E-05,9.3,3.9,5.4,1.4,*,2646,48909,25.9,96.1,0,1.4,9.3,5.4,*,2646,48909,25.9,96.1
249,Mokapu East,"Census Tract 108.02, Honolulu County, Hawaii",15003010802,3,2,62,22,24,*,80,14,56,30,1.00E-05,10,6.1,2.6,1.00E-05,*,2753,55321,34.9,93.9,0,0,10,2.6,*,2753,55321,34.9,93.9
250,Kalaheo Hillside,"Census Tract 109.01, Honolulu County, Hawaii",15003010901,38,40,20,47,24,69,80,86,70,72,3.7,28.3,2.9,6.3,1.00E-05,847400,2837,124406,45.7,97.1,3.7,0,28.3,6.3,847400,2837,124406,45.7,97.1
251,Oneawa Street-Kawainui,"Census Tract 109.03, Honolulu County, Hawaii",15003010903,57,33,80,9,24,59,25,29,49,11,6,26.8,9.7,0.8,1.00E-05,721800,1464,71034,32.1,90.3,6,0,26.8,0.8,721800,1464,71034,32.1,90.3
252,Maluniu Avenue,"Census Tract 109.04, Honolulu County, Hawaii",15003010904,52,47,12,44,69,63,58,59,64,79,5.5,29.6,2.1,6,6,791200,2130,95804,38.6,97.9,5.5,6,29.6,6,791200,2130,95804,38.6,97.9
253,Ulupaina Street,"Census Tract 109.05, Honolulu County, Hawaii",15003010905,65,37,43,24,24,61,43,48,40,50,8.5,27.9,4.4,3.1,1.00E-05,746100,1780,88259,28.5,95.6,8.5,0,27.9,3.1,746100,1780,88259,28.5,95.6
254,Maunawili,"Census Tract 110, Honolulu County, Hawaii",15003011000,23,40,41,36,24,74,72,88,78,52,2.8,28.3,4.3,5,1.00E-05,890600,2471,137500,50.9,95.7,2.8,0,28.3,5,890600,2471,137500,50.9,95.7
255,Olomana,"Census Tract 111.03, Honolulu County, Hawaii",15003011103,28,52,9,22,24,64,82,76,76,83,3,30.5,1.7,2.6,1.00E-05,795400,2927,114115,49,98.3,3,0,30.5,2.6,795400,2927,114115,49,98.3
256,Enchanted Lakes,"Census Tract 111.04, Honolulu County, Hawaii",15003011104,16,55,60,30,60,69,86,74,75,33,1.6,31.3,5.9,3.9,3.9,835700,3173,112944,48.7,94.1,1.6,3.9,31.3,3.9,835700,3173,112944,48.7,94.1
257,Kailua Town,"Census Tract 111.05, Honolulu County, Hawaii",15003011105,34,51,35,25,63,51,61,68,86,56,3.4,30.2,4,3.2,4.9,660600,2169,102515,61.9,96,3.4,4.9,30.2,3.2,660600,2169,102515,61.9,96
258,Keolu,"Census Tract 111.06, Honolulu County, Hawaii",15003011106,31,50,41,20,24,72,75,79,76,52,3.2,30.1,4.3,2.4,1.00E-05,850800,2569,114603,48.9,95.7,3.2,0,30.1,2.4,850800,2569,114603,48.9,95.7
259,Kalaheo Avenue,"Census Tract 112.01, Honolulu County, Hawaii",15003011201,34,35,43,60,72,82,69,87,87,50,3.4,27,4.4,9.4,7.2,1413900,2394,136741,65.7,95.6,3.4,7.2,27,9.4,1413900,2394,136741,65.7,95.6
260,Lanikai,"Census Tract 112.02, Honolulu County, Hawaii",15003011202,8,51,26,79,24,82,57,73,83,66,0.7,30.4,3.3,15.4,1.00E-05,1618300,2076,110673,55.2,96.7,0.7,0,30.4,15.4,1618300,2076,110673,55.2,96.7
261,Waimanalo,"Census Tract 113, Honolulu County, Hawaii",15003011300,52,46,29,11,24,34,14,31,9,63,5.4,29.2,3.5,1.3,1.00E-05,586300,1236,73472,14.5,96.5,5.4,0,29.2,1.3,586300,1236,73472,14.5,96.5
262,Waipio Peninsula,"Census Tract 114, Honolulu County, Hawaii",15003011400,3,8,82,4,24,*,77,7,26,8,1.00E-05,19.6,10.7,1.00E-05,1.00E-05,*,2641,50195,23.1,89.3,0,0,19.6,0,*,2641,50195,23.1,89.3
263,Kapolei,"Census Tract 115, Honolulu County, Hawaii",15003011500,41,73,67,17,53,15,57,51,37,23,4.2,35.6,6.8,2.1,1.7,427800,2110,91667,27.5,93.2,4.2,1.7,35.6,2.1,427800,2110,91667,27.5,93.2
264,Waimanalo Beach-Homesteads,"Census Tract 9400.01, Honolulu County, Hawaii",15003940001,64,75,79,55,67,18,1,36,12,11,7.8,36.3,9.4,8.2,5.8,467100,717,76786,16.4,90.6,7.8,5.8,36.3,8.2,467100,717,76786,16.4,90.6
265,Nanakuli,"Census Tract 9400.02, Honolulu County, Hawaii",15003940002,78,84,86,42,65,3,18,17,2,5,12.5,40.2,13.9,5.8,5.3,258800,1310,59674,6.9,86.1,12.5,5.3,40.2,5.8,258800,1310,59674,6.9,86.1
266,Hanauma Bay,"Census Tract 9800, Honolulu County, Hawaii",15003980000,*,*,*,*,*,*,*,*,*,*,*,*,*,*,*,*,*,*,*,*,*,*,*,*,*,*,*,*,*
267,Kaho'olawe,"Census Tract 9800, Honolulu County, Hawaii",15003980000,*,*,*,*,*,*,*,*,*,*,*,*,*,*,*,*,*,*,*,*,*,*,*,*,*,*,*,*,*
268,Honolulu International Airport,"Census Tract 9802, Honolulu County, Hawaii",15003980200,*,*,*,*,*,*,*,*,2,*,*,*,*,*,*,*,*,*,7.4,*,*,*,*,*,*,*,*,7.4,*
269,Campbell Industrial Park,"Census Tract 9803, Honolulu County, Hawaii",15003980300,*,*,*,*,*,*,*,*,*,*,*,*,*,*,*,*,*,*,*,*,*,*,*,*,*,*,*,*,*
270,Schofield Forest Reserve,"Census Tract 9806, Honolulu County, Hawaii",15003980600,*,*,*,*,*,*,*,*,*,*,*,*,*,*,*,*,*,*,*,*,*,*,*,*,*,*,*,*,*
271,Schofield Barracks East Range,"Census Tract 9807, Honolulu County, Hawaii",15003980700,*,*,*,*,*,*,*,*,*,*,*,*,*,*,*,*,*,*,*,*,*,*,*,*,*,*,*,*,*
272,Hoomaluhia Botanical Garden,"Census Tract 9808, Honolulu County, Hawaii",15003980800,*,*,*,*,*,*,*,*,*,*,*,*,*,*,*,*,*,*,*,*,*,*,*,*,*,*,*,*,*
273,Kawainui Marsh,"Census Tract 9810, Honolulu County, Hawaii",15003981000,*,*,*,*,*,*,*,*,*,*,*,*,*,*,*,*,*,*,*,*,*,*,*,*,*,*,*,*,*
274,Bellows Air Force Base,"Census Tract 9811, Honolulu County, Hawaii",15003981100,3,0,*,*,*,*,*,*,90,*,1.00E-05,5.2,*,*,*,*,*,*,91.70001,*,0,*,5.2,*,*,*,*,91.70001,*
275,Northwestern Hawaiian Islands,"Census Tract 9812, Honolulu County, Hawaii",15003981200,*,*,*,*,*,*,*,*,*,*,*,*,*,*,*,*,*,*,*,*,*,*,*,*,*,*,*,*,*
276,Mapunapuna Industrial,"Census Tract 9813, Honolulu County, Hawaii",15003981300,*,*,*,*,*,*,*,*,*,*,*,*,*,*,*,*,*,*,*,*,*,*,*,*,*,*,*,*,*
277,Nimitz-Airport Commercial,"Census Tract 9814, Honolulu County, Hawaii",15003981400,3,*,2,4,*,*,*,*,0,88,1.00E-05,*,0,1.00E-05,*,*,*,*,2.00E-05,99.99999,0,*,*,0,*,*,*,2.00E-05,99.99999
278,Spreckelsville,"Census Tract 319, Kalawao County, Hawaii",15005031900,3,0,2,91,75,*,3,21,44,88,1.00E-05,5.4,0,43.9,8.3,*,960,65625,29.7,99.99999,0,8.3,5.4,43.9,*,960,65625,29.7,99.99999
279,Kalawao,"Census Tract 319, Kalawao County, Hawaii",15005031900,3,0,2,91,75,*,3,21,44,88,1.00E-05,5.4,0,43.9,8.3,*,960,65625,29.7,99.99999,0,8.3,5.4,43.9,*,960,65625,29.7,99.99999
280,Princeville-Kilauea,"Census Tract 401.03, Kauai County, Hawaii",15007040103,7,5,23,91,91,60,39,25,68,70,0.5,17.9,3.1,52,62.2,732400,1676,66833,42.2,96.9,0.5,62.2,17.9,52,732400,1676,66833,42.2,96.9
281,Ha'ena-Hanalei,"Census Tract 401.04, Kauai County, Hawaii",15007040104,3,24,65,92,92,73,25,1,67,25,1.00E-05,23.4,6.4,69.4,82,863200,1458,33500,40.5,93.6,0,82,23.4,69.4,863200,1458,33500,40.5,93.6
282,Wailua Houselots,"Census Tract 402.04, Kauai County, Hawaii",15007040204,3,37,61,40,24,33,27,29,51,32,1.00E-05,27.9,6,5.7,1.00E-05,579900,1479,69896,32.9,94,0,0,27.9,5.7,579900,1479,69896,32.9,94
283,Wailua Homesteads,"Census Tract 402.05, Kauai County, Hawaii",15007040205,7,22,70,88,89,21,25,18,48,20,0.6,22.7,7.4,29.1,15.9,474500,1465,60542,31.8,92.6,0.6,15.9,22.7,29.1,474500,1465,60542,31.8,92.6
284,Kapa'a,"Census Tract 403, Kauai County, Hawaii",15007040300,8,35,61,85,88,16,18,28,28,32,0.9,27.5,6,23,13.3,438300,1289,69429,23.5,94,0.9,13.3,27.5,23,438300,1289,69429,23.5,94
285,Puhi-Hanama'ulu,"Census Tract 404, Kauai County, Hawaii",15007040400,6,8,26,74,86,14,10,28,12,66,0.2,19.6,3.3,13.3,11,418600,1176,69205,16.1,96.7,0.2,11,19.6,13.3,418600,1176,69205,16.1,96.7
286,Lihu'e,"Census Tract 405, Kauai County, Hawaii",15007040500,7,5,38,69,24,27,16,19,37,54,0.5,16.7,4.2,11.3,1.00E-05,519300,1266,61350,27.3,95.8,0.5,0,16.7,11.3,519300,1266,61350,27.3,95.8
287,Koloa-Po'ipu,"Census Tract 406.03, Kauai County, Hawaii",15007040603,6,5,53,91,65,50,13,21,52,40,0.2,16.2,5.3,50.3,5.2,651200,1218,65104,33.4,94.7,0.2,5.2,16.2,50.3,651200,1218,65104,33.4,94.7
288,Omao-Kukui'ula,"Census Tract 406.04, Kauai County, Hawaii",15007040604,7,12,71,87,75,35,16,19,45,19,0.5,21.1,7.5,26.7,8.1,588400,1263,61691,30.7,92.5,0.5,8.1,21.1,26.7,588400,1263,61691,30.7,92.5
289,Eleele-Kalaheo,"Census Tract 407, Kauai County, Hawaii",15007040700,20,26,29,71,52,28,19,43,54,63,2.1,24.2,3.5,12.1,1.5,534500,1320,81241,34.4,96.5,2.1,1.5,24.2,12.1,534500,1320,81241,34.4,96.5
290,Kaumakani-Hanapepe,"Census Tract 408, Kauai County, Hawaii",15007040800,17,22,47,69,24,13,2,30,20,46,1.7,22.9,4.7,11.3,1.00E-05,393800,793,72321,20.3,95.3,1.7,0,22.9,11.3,393800,793,72321,20.3,95.3
291,Kekaha-Waimea,"Census Tract 409, Kauai County, Hawaii",15007040900,8,30,69,87,77,12,8,17,24,21,0.7,25.8,7.1,27.7,8.9,383200,1145,60000,21.7,92.9,0.7,8.9,25.8,27.7,383200,1145,60000,21.7,92.9
292,Ni'ihau-Kaula,"Census Tract 412, Kauai County, Hawaii",15007041200,*,*,*,*,*,*,*,*,*,*,*,*,*,*,*,*,*,*,*,*,*,*,*,*,*,*,*,*,*
293,Anahola,"Census Tract 9400, Kauai County, Hawaii",15007940000,23,37,73,83,91,34,3,15,35,16,2.8,27.9,8.3,22.1,26.1,585900,882,56184,26.3,91.7,2.8,26.1,27.9,22.1,585900,882,56184,26.3,91.7
294,Hana,"Census Tract 301, Maui County, Hawaii",15009030100,3,5,74,91,91,16,3,4,29,15,1.00E-05,15.7,8.5,36.3,24.3,432900,850,44700,24.1,91.5,0,24.3,15.7,36.3,432900,850,44700,24.1,91.5
295,Huelo,"Census Tract 302.01, Maui County, Hawaii",15009030201,9,45,47,71,53,46,20,4,29,46,1.1,29.1,4.7,12.2,1.7,629400,1366,43682,24.2,95.3,1.1,1.7,29.1,12.2,629400,1366,43682,24.2,95.3
296,Ha'iku,"Census Tract 302.02, Maui County, Hawaii",15009030202,3,29,48,74,62,60,21,42,61,45,1.00E-05,25.2,4.8,13.5,4.2,741600,1372,80453,37,95.2,0,4.2,25.2,13.5,741600,1372,80453,37,95.2
297,Kula,"Census Tract 303.01, Maui County, Hawaii",15009030301,18,47,34,49,52,57,17,29,58,58,1.8,29.5,3.9,6.9,1.6,703300,1275,70098,35.5,96.1,1.8,1.6,29.5,6.9,703300,1275,70098,35.5,96.1
298,Wailea,"Census Tract 303.03, Maui County, Hawaii",15009030303,12,25,41,92,91,80,43,38,74,52,1.4,24,4.3,56.8,62.4,1061100,1768,77662,48.1,95.7,1.4,62.4,24,56.8,1061100,1768,77662,48.1,95.7
299,Pukalani,"Census Tract 304.02, Maui County, Hawaii",15009030402,20,31,45,54,54,42,16,42,35,48,2.3,26.4,4.5,7.7,2.4,611900,1244,80281,26,95.5,2.3,2.4,26.4,7.7,611900,1244,80281,26,95.5
300,Makawao,"Census Tract 304.03, Maui County, Hawaii",15009030403,6,38,81,59,53,32,8,29,33,9,0.1,28.2,10.6,9,1.8,573700,1138,70179,25.7,89.4,0.1,1.8,28.2,9,573700,1138,70179,25.7,89.4
301,Hali'imaile,"Census Tract 304.04, Maui County, Hawaii",15009030404,7,28,65,71,55,28,21,15,32,25,0.5,24.7,6.4,12,2.7,540300,1370,56111,25.1,93.6,0.5,2.7,24.7,12,540300,1370,56111,25.1,93.6
302,Pa'ia,"Census Tract 305.01, Maui County, Hawaii",15009030501,8,22,15,85,91,31,57,30,44,75,0.9,22.9,2.6,25.2,24.9,572900,2089,72083,29.7,97.4,0.9,24.9,22.9,25.2,572900,2089,72083,29.7,97.4
303,Kihei Mauka,"Census Tract 307.05, Maui County, Hawaii",15009030705,3,7,72,81,74,15,8,46,15,18,1.00E-05,19.2,7.7,17.2,7.8,424200,1097,85938,17.6,92.3,0,7.8,19.2,17.2,424200,1097,85938,17.6,92.3
304,Kealia,"Census Tract 307.06, Maui County, Hawaii",15009030706,39,13,65,83,88,13,21,19,34,26,3.9,21.6,6.3,21.3,14,390500,1382,61574,25.9,93.7,3.9,14,21.6,21.3,390500,1382,61574,25.9,93.7
305,Waipuilani,"Census Tract 307.07, Maui County, Hawaii",15009030707,22,23,73,86,91,17,33,30,32,17,2.7,23,8.2,25.3,27.6,467000,1599,72163,24.7,91.8,2.7,27.6,23,25.3,467000,1599,72163,24.7,91.8
306,Halama,"Census Tract 307.08, Maui County, Hawaii",15009030708,20,11,25,87,89,39,12,20,25,68,2,20.7,3.2,26.2,15.4,599900,1196,62404,22.8,96.8,2,15.4,20.7,26.2,599900,1196,62404,22.8,96.8
307,Kamaole,"Census Tract 307.09, Maui County, Hawaii",15009030709,8,5,66,92,91,25,22,9,64,23,0.7,17.7,6.7,56.5,58.2,500900,1410,51788,38.2,93.3,0.7,58.2,17.7,56.5,500900,1410,51788,38.2,93.3
308,Keawakapu,"Census Tract 307.10, Maui County, Hawaii",15009030710,29,5,61,92,92,33,56,18,62,32,3.1,17.9,6,60.9,74.8,576000,2033,60547,37.5,94,3.1,74.8,17.9,60.9,576000,2033,60547,37.5,94
309,Waihee-Waikapu,"Census Tract 308, Maui County, Hawaii",15009030800,7,14,62,45,24,23,28,53,36,30,0.3,21.8,6.1,6.1,1.00E-05,489200,1485,92500,26.7,93.9,0.3,0,21.8,6.1,489200,1485,92500,26.7,93.9
310,West Central Wailuku,"Census Tract 309.01, Maui County, Hawaii",15009030901,6,5,92,55,52,13,3,1,11,1,0.2,16.2,19.5,8.1,1.5,402200,818,35610,15,80.5,0.2,1.5,16.2,8.1,402200,818,35610,15,80.5
311,East Central Wailuku,"Census Tract 309.02, Maui County, Hawaii",15009030902,47,27,74,45,54,6,21,21,23,15,4.8,24.3,8.5,6.1,2.1,325300,1391,64125,21.6,91.5,4.8,2.1,24.3,6.1,325300,1391,64125,21.6,91.5
312,North Wailuku,"Census Tract 309.03, Maui County, Hawaii",15009030903,40,15,53,25,67,16,16,43,14,39,4,22.1,5.4,3.3,5.8,432300,1253,81220,17.2,94.6,4,5.8,22.1,3.3,432300,1253,81220,17.2,94.6
313,South Wailuku,"Census Tract 310, Maui County, Hawaii",15009031000,23,14,43,62,66,27,6,35,49,50,2.8,21.7,4.4,9.8,5.5,520800,1055,76231,32.2,95.6,2.8,5.5,21.7,9.8,520800,1055,76231,32.2,95.6
314,West Kahului,"Census Tract 311.01, Maui County, Hawaii",15009031101,63,11,74,49,24,23,7,26,13,13,7.6,21,8.8,6.8,1.00E-05,481800,1087,67938,16.8,91.2,7.6,0,21,6.8,481800,1087,67938,16.8,91.2
315,Central Kahului,"Census Tract 311.02, Maui County, Hawaii",15009031102,42,17,46,74,90,24,4,23,8,47,4.3,22.3,4.6,13.1,17.5,489900,994,65690,12.8,95.4,4.3,17.5,22.3,13.1,489900,994,65690,12.8,95.4
316,Southeast Kahului,"Census Tract 311.03, Maui County, Hawaii",15009031103,45,12,74,25,24,25,8,46,24,15,4.5,21.2,8.5,3.3,1.00E-05,502200,1157,86094,22,91.5,4.5,0,21.2,3.3,502200,1157,86094,22,91.5
317,Kahoma,"Census Tract 314.02, Maui County, Hawaii",15009031402,7,4,48,79,88,28,27,40,22,45,0.6,13.6,4.8,16.1,11.7,553300,1473,79130,21.2,95.2,0.6,11.7,13.6,16.1,553300,1473,79130,21.2,95.2
318,Lahaina,"Census Tract 314.04, Maui County, Hawaii",15009031404,7,4,51,87,88,35,19,21,28,42,0.6,14.1,5.1,26,13.2,588500,1313,64189,23.5,94.9,0.6,13.2,14.1,26,588500,1313,64189,23.5,94.9
319,Lahainaluna,"Census Tract 314.05, Maui County, Hawaii",15009031405,51,5,46,39,69,28,16,29,16,47,5.2,17.5,4.6,5.3,6.3,536900,1255,70428,18.5,95.4,5.2,6.3,17.5,5.3,536900,1255,70428,18.5,95.4
320,Kapalua,"Census Tract 315.01, Maui County, Hawaii",15009031501,29,5,29,92,91,26,42,29,18,63,3.1,15.7,3.5,56.7,63.8,511700,1731,70000,19.5,96.5,3.1,63.8,15.7,56.7,511700,1731,70000,19.5,96.5
321,Honokahua,"Census Tract 315.02, Maui County, Hawaii",15009031502,23,5,14,91,91,13,34,23,54,77,2.8,14.5,2.3,37.5,39.2,410500,1627,65724,34.2,97.7,2.8,39.2,14.5,37.5,410500,1627,65724,34.2,97.7
322,Honokowai,"Census Tract 315.03, Maui County, Hawaii",15009031503,46,4,25,92,91,80,20,6,53,68,4.7,14,3.2,59.1,60.6,1035100,1353,46467,33.6,96.8,4.7,60.6,14,59.1,1035100,1353,46467,33.6,96.8
323,Lana'i,"Census Tract 316.01, Maui County, Hawaii",15009031601,10,2,56,82,75,11,5,8,25,37,1.3,9.4,5.6,18.3,8.5,373100,1015,51156,22.9,94.4,1.3,8.5,9.4,18.3,373100,1015,51156,22.9,94.4
324,East Moloka'i,"Census Tract 317, Maui County, Hawaii",15009031700,7,3,45,85,90,4,1,3,14,48,0.6,10.5,4.5,24.9,21.3,297900,747,40634,16.9,95.5,0.6,21.3,10.5,24.9,297900,747,40634,16.9,95.5
325,West Moloka'i,"Census Tract 318.01, Maui County, Hawaii",15009031801,10,5,84,91,91,2,3,2,23,7,1.3,17.5,11.6,39.7,28.2,216800,851,37260,21.6,88.4,1.3,28.2,17.5,39.7,216800,851,37260,21.6,88.4
326,Spreckelsville,"Census Tract 319, Maui County, Hawaii",15009031900,46,6,62,68,77,26,27,19,10,30,4.7,18.1,6.1,11.2,8.9,516400,1478,60850,14.7,93.9,4.7,8.9,18.1,11.2,516400,1478,60850,14.7,93.9
327,Kalawao,"Census Tract 319, Maui County, Hawaii",15009031900,46,6,62,68,77,26,27,19,10,30,4.7,18.1,6.1,11.2,8.9,516400,1478,60850,14.7,93.9,4.7,8.9,18.1,11.2,516400,1478,60850,14.7,93.9
328,Launiupoko,"Census Tract 320, Maui County, Hawaii",15009032000,7,13,12,91,91,54,27,44,75,79,0.4,21.3,2.1,52,56.8,681400,1470,83281,48.8,97.9,0.4,56.8,21.3,52,681400,1470,83281,48.8,97.9
329,Hanauma Bay,"Census Tract 9800, Maui County, Hawaii",15009980000,*,*,*,*,*,*,*,*,*,*,*,*,*,*,*,*,*,*,*,*,*,*,*,*,*,*,*,*,*
330,Kaho'olawe,"Census Tract 9800, Maui County, Hawaii",15009980000,*,*,*,*,*,*,*,*,*,*,*,*,*,*,*,*,*,*,*,*,*,*,*,*,*,*,*,*,*